# Ultima VIII: Pagan - authority file (names and terms), tab separated
# Generated by: python tools/catalog/u8catalog.py terms <lang>  (hand edits are kept)
#
# category    person, place, item, spell, creature, title, faction, other
#             (guessed for new entries: please check)
# translation the one translation to use everywhere
# status      keep = stays English, approved = use translation,
#             proposed = suggestion, todo = not decided
# count       occurrences in the game text, example = one context
# `u8catalog.py check` warns when an approved / keep term is not used.
category	english	translation	status	count	example	note
person	Aramina		todo	14	bark 040D:0110	
person	Arcadion		todo	6	bark 0439:00ED	
person	Bane		todo	18	bark 041D:030A	
person	Bentic		keep	38	bark 040C:00B9	sage, library in east Tenebrae
person	Beren		todo	14	bark 0420:0479	
person	Bloodwatch		todo	7	bark 0401:2D4D	
person	Corinth		todo	17	bark 040F:00A2	
person	Cyrrus		todo	48	bark 0416:0114	
person	Darion		todo	10	bark 0405:1B26	
person	Daytide		todo	2	bark 0401:2DA0	
person	Devon		keep	39	bark 0402:009F	fisherman
person	Eventide		todo	6	bark 0401:2E1F	
person	Firstebb		todo	6	bark 0401:2D77	
person	Fisherwoman		todo	1	bark 0410:017B	
person	Gorgrond		todo	11	bark 041F:02CF	
person	Gwillim		todo	26	bark 040E:00A1	
person	Herdsman		todo	2	bark 040E:00C3	
person	Holy Cyrrus		todo	4	bark 0416:00EE	
person	Hydros		keep	50	bark 0050:02D5	Titan of water
person	Jenna		todo	23	bark 0418:0115	
person	Kilandra		todo	20	bark 0410:0120	
person	Korick		todo	7	bark 0409:00DE	
person	Lastebb		todo	5	bark 0401:2DF5	
person	Lithos		keep	123	bark 00E8:0344	Titan of earth
person	Mage		todo	1	bark 0415:1049	
person	Malchir		todo	17	bark 041B:013E	
person	Master Sorcerer		todo	8	bark 041B:0225	
person	Mordea		keep	124	bark 0237:010D	the Lady, Tempest
person	Mythran		todo	20	bark 0421:00A1	
person	Orlok		todo	27	bark 040A:00EA	
person	Salkind		todo	26	bark 0403:00C6	
person	Select		todo	1	bark 0401:122F	
person	Seneschal		todo	5	bark 0403:01B5	
person	Shaana		todo	7	bark 0413:00E2	
person	Sorcerer		todo	105	bark 041C:0406	
person	Stellos		todo	25	bark 0417:00EB	
person	Tarna		todo	4	bark 0408:009F	
person	Threemoons		todo	6	bark 0401:2DCC	
person	Torwin		todo	37	bark 041A:00B2	
person	Vardion		todo	23	bark 041C:031B	
person	Vividos		todo	9	bark 0415:102B	
person	Woman		todo	1	bark 040F:00C1	
person	Xavier		todo	7	bark 0419:00E7	
place	Sea of Rains	雨之海	approved	12	bark 0402:0B7A	
place	Tenebrae		keep	117	bark 0120:0980	city
item	A Letter to New Acolytes		todo	1	bark 0265:1125	
item	A strange hole		todo	1	bark 02F7:00A3	
item	abacus		todo	1	bark 0177:009A	
item	Acolyte's key		todo	1	bark 0052:0241	
item	Aerial Servant		todo	7	bark 0120:0A5E	
item	Air Walk		todo	7	bark 0120:0B2A	
item	altar		todo	2	bark 01AD:0099	
item	Altar of Focus		todo	2	bark 00CE:00A2	
item	amethyst gem		todo	1	bark 0254:0115	
item	Amoras		todo	3	bark 002C:00A0	
item	Ancient Book		todo	1	bark 0265:081D	
item	anvil		todo	1	bark 01B8:0099	
item	Apathas		todo	3	bark 0255:00A1	
item	arm guards		todo	1	bark 0212:009E	
item	armor		todo	1	bark 020B:0099	
item	Armor of Flames spellbook		todo	2	bark 0120:042B	
item	axe		todo	2	bark 00F4:0097	
item	axe blade		todo	1	bark 02C5:009D	
item	backpack		todo	1	bark 0211:009C	
item	bag		todo	1	bark 027D:0097	
item	balance scale		todo	1	bark 0253:0174	
item	Banish Daemon spellbook		todo	2	bark 0120:0525	
item	barrel		todo	1	bark 0073:009A	
item	basket		todo	1	bark 00B9:009A	
item	bat wing		todo	1	bark 018F:00EC	
item	bed		todo	4	bark 00AF:0097	
item	bedroll		todo	2	bark 0216:009B	
item	beggar		todo	1	bark 0344:00CB	
item	bell ringer		todo	2	bark 02B6:009F	
item	bellows		todo	1	bark 0140:009B	
item	bench		todo	2	bark 00E2:0099	
item	Bentic's journal		todo	1	bark 025F:00A4	
item	black gate		todo	1	bark 02AD:009E	
item	Blackwine	黑酒	proposed	4	bark 00B4:00B0	P11 POC
item	Blade of Striking		todo	1	bark 0333:00A5	
item	blanket		todo	3	bark 033E:00AA	
item	blood	血	proposed	1	bark 0347:0099	P11 POC
item	blue field passage gem		todo	1	bark 02F8:00AA	
item	boat		todo	1	bark 027E:0098	
item	Bone Crusher		todo	11	bark 032F:00A0	
item	Book		todo	5	bark 0120:0731	
item	book		todo	2	bark 0120:0E3B	
item	bottle		todo	1	bark 00B4:0189	
item	bread		todo	1	bark 021A:0279	
item	Breath o' Spirit	靈息酒	proposed	1	bark 00B4:010D	P11 POC
item	bright diamond		todo	1	bark 0254:0202	
item	brimstone		todo	1	bark 018E:0168	
item	broken chair		todo	1	bark 022A:00A0	
item	broken lever		todo	1	bark 02A0:00BC	
item	brush		todo	3	bark 0329:0138	
item	burned out fire		todo	1	bark 02A2:00A3	
item	Call Destruction		todo	4	bark 0120:0CEA	
item	Call Quake		todo	1	bark 02EA:021F	
item	campfire		todo	1	bark 010B:009C	
item	candelabra		todo	1	bark 01C4:009E	
item	candle		todo	1	bark 01C6:009A	
item	candlestick		todo	1	bark 01C5:009F	
item	canopy		todo	3	bark 01BD:009A	
item	captains journal		todo	1	bark 0265:0747	
item	cauldron		todo	1	bark 00E0:009C	
item	ceremonial dagger		todo	1	bark 023B:00A5	
item	changeling		todo	1	bark 0165:009E	
item	chaos gem		todo	1	bark 0250:00E8	
item	cheese		todo	2	bark 021A:01BB	
item	cheesy book		todo	2	bark 0120:0142	
item	chest		todo	2	bark 004E:0099	
item	chest of drawers		todo	2	bark 00CB:00A4	
item	child		todo	1	bark 02C4:010A	
item	chimney		todo	2	bark 02D1:009B	
item	chopping block		todo	1	bark 0246:00A2	
item	Chronicle of Pagan		todo	1	bark 0265:0D10	
item	clock		todo	1	bark 00E3:0149	
item	cloth		todo	1	bark 0218:0099	
item	clothes		todo	1	bark 0337:009B	
item	clothing		todo	1	bark 0241:009D	
item	Cloven Hoof	魔蹄酒	proposed	3	bark 00B4:013A	P11 POC
item	Conflagration spellbook		todo	2	bark 0120:0565	
item	Confusion Blast		todo	3	bark 0120:0C43	
item	cooked fish		todo	1	bark 0219:00D8	
item	cooked Torax ribs		todo	1	bark 0219:0137	
item	Create Fire spellbook		todo	2	bark 0120:0469	
item	Create Golem		todo	1	bark 02EA:0195	
item	crops		todo	2	bark 0289:0099	
item	cup		todo	1	bark 00B6:0097	
item	cushion		todo	1	bark 032C:009B	
item	daemon		todo	2	bark 0060:009A	
item	daemon bone		todo	1	bark 018E:0199	
item	daemon statue		todo	1	bark 02AC:00A1	
item	dagger		todo	2	bark 00F5:009A	
item	dancing ruby		todo	1	bark 0254:019E	
item	dark diamond		todo	1	bark 0254:0143	
item	dart		todo	1	bark 007B:0286	
item	dart board		todo	1	bark 02BE:009E	
item	dead beggar		todo	1	bark 0344:00AB	
item	dead body		todo	2	bark 00DA:009D	
item	dead child		todo	1	bark 02C4:00EB	
item	dead guardsman		todo	12	bark 023E:00AE	
item	dead man's clothes		todo	1	bark 0202:00A6	
item	dead peasant		todo	2	bark 02C3:00ED	
item	dead theurgist		todo	1	bark 010D:00EF	
item	death disk		todo	1	bark 02EE:009E	
item	Death Speak		todo	5	bark 02EA:00B2	
item	debris		todo	3	bark 01D7:009A	
item	Deceiver		todo	2	bark 0336:009C	
item	default scroll		todo	1	bark 033B:00B5	
item	demon statue		todo	1	bark 0260:00A0	
item	desk		todo	2	bark 00CD:0098	
item	Devastation		todo	3	bark 0120:0D1E	
item	Devon's key		todo	1	bark 0052:0386	
item	diary		todo	2	bark 0120:00DE	
item	Disciple's key		todo	1	bark 0052:020B	
item	Divination		todo	3	bark 0120:09F1	
item	doll		todo	2	bark 032B:00A7	
item	dragon blood		todo	1	bark 018F:016E	
item	dummy		todo	1	bark 02DB:0099	
item	Earth Titan		todo	9	bark 01B1:009F	
item	Earthen Magic		todo	4	bark 0120:05E1	
item	empty plate		todo	1	bark 011C:00D5	
item	Endure Heat spellbook		todo	2	bark 0120:03AB	
item	Enemies of Tenebrae		todo	2	bark 0120:0980	
item	Ethereal Travel		todo	4	bark 0120:0D56	
item	Explosion spellbook		todo	2	bark 0120:04A5	
item	Extinguish spellbook		todo	2	bark 0120:02F8	
item	eye of newt		todo	1	bark 018F:00AE	
item	Fade From Sight		todo	3	bark 0120:0AF9	
item	fan		todo	1	bark 032D:0097	
item	female statue		todo	1	bark 002C:00C7	
item	Finding the Wisdom of Stratos		todo	1	bark 0265:1037	
item	fire field		todo	1	bark 0190:009E	
item	fire gem		todo	1	bark 0250:00BD	
item	fire globe		todo	1	bark 02BF:009E	
item	fire pit		todo	1	bark 013E:01F6	
item	fire shield		todo	1	bark 0239:009F	
item	Fire Shield spellbook		todo	2	bark 0120:03E9	
item	fire shroom		todo	1	bark 031A:009F	
item	fireplace		todo	3	bark 0114:009D	
item	firewood		todo	1	bark 0346:009C	
item	fish		todo	4	bark 0051:0098	
item	fish bones		todo	1	bark 02E3:009E	
item	fishing net		todo	1	bark 024C:009F	
item	fishing pole		todo	1	bark 024D:00A0	
item	Flame Bolt spellbook		todo	2	bark 0120:036D	
item	Flame Sting		todo	1	bark 0331:009F	
item	Flash spellbook		todo	2	bark 0120:0330	
item	flask		todo	1	bark 00E4:0099	
item	flask of oil		todo	1	bark 0243:00EB	
item	floating platform		todo	3	bark 0268:00A5	
item	food		todo	1	bark 021A:0297	
item	gargoyle		todo	2	bark 0026:009C	
item	gate		todo	2	bark 0282:0098	
item	gemstone necklace		todo	1	bark 0254:00E7	
item	gemstone ring		todo	1	bark 0254:00B4	
item	ghost		todo	1	bark 019B:0099	
item	ghost head		todo	1	bark 019D:009E	
item	ghoul		todo	2	bark 008E:0099	
item	glowing Breath of Wind		todo	1	bark 0319:0164	
item	glowing Heart of Earth		todo	1	bark 0319:00F2	
item	glowing obelisk tip		todo	1	bark 0319:00BA	
item	glowing Tear of the Seas		todo	1	bark 0319:012C	
item	glowing Tongue of Flame		todo	1	bark 0319:019D	
item	golem		todo	1	bark 00D6:0099	
item	Grant Peace		todo	1	bark 02EA:01F3	
item	gravestone		todo	3	bark 00C5:009E	
item	guardsman		todo	12	bark 023E:00D1	
item	hammer		todo	1	bark 021C:009A	
item	hay		todo	1	bark 02CF:0097	
item	Healed Torax		todo	1	bark 00D1:00E0	
item	Healing Touch		todo	3	bark 0120:0A27	
item	Hear Truth		todo	3	bark 0120:0B5D	
item	helmet		todo	1	bark 0213:009A	
item	hollow log		todo	2	bark 029A:009E	
item	Honor Lost		todo	2	bark 0120:0614	
item	Human Remains		todo	1	bark 0274:00A1	
item	Hurricane	颶風酒	proposed	2	bark 00B4:00DB	P11 POC
item	Ignite spellbook		todo	2	bark 0120:02BB	
item	ink bottle		todo	1	bark 0253:00E8	
item	Intervention		todo	5	bark 0120:0B92	
item	iron		todo	1	bark 018E:0139	
item	iron bars		todo	2	bark 0261:009D	
item	jar		todo	1	bark 018F:01DD	
item	jar of newt eyes		todo	1	bark 018F:01B4	
item	jewelry		todo	1	bark 0254:0223	
item	jewelry box		todo	1	bark 0074:009F	
item	Journal		todo	4	bark 0120:0644	
item	journal		todo	3	bark 0120:010E	
item	Journal of Veras the Healer		todo	2	bark 0120:0C0B	
item	Journeys through Hell		todo	2	bark 0120:07A5	
item	jug		todo	1	bark 00B7:0097	
item	keg		todo	2	bark 00B1:0097	
item	Key		todo	13	bark 0052:02A2	
item	key		todo	5	bark 0052:0110	
item	key blank		todo	1	bark 0052:00AC	
item	Key of the Caretaker		todo	4	bark 00E8:00B7	
item	Key of the Conventicler		todo	1	bark 0052:01D4	
item	Key of the Necromancer		todo	1	bark 00E8:0129	
item	Key of the Scion		todo	2	bark 00E8:00ED	
item	keyring		todo	1	bark 004F:009B	
item	kith		todo	1	bark 004C:0098	
item	kith filet		todo	1	bark 021A:0193	
item	kith silk		todo	1	bark 0144:009D	
item	Kith Venom		todo	2	bark 0120:0677	
item	Korghin's Fang		todo	1	bark 0334:00A2	
item	lamp		todo	4	bark 0043:0098	
item	leggings		todo	1	bark 0214:009C	
item	legs		todo	1	bark 0167:0098	
item	lever		todo	1	bark 02A0:00DB	
item	lit flask of oil		todo	1	bark 0243:00C5	
item	locked chest		todo	2	bark 026A:00A0	
item	longsword		todo	1	bark 01A4:009D	
item	loom		todo	1	bark 0143:0098	
item	Lothian		todo	29	bark 0102:009A	
item	mace		todo	2	bark 00F1:0098	
item	magic arm guards		todo	1	bark 034C:00A4	
item	magic armor		todo	2	bark 0040:009F	
item	magic helm		todo	1	bark 034B:009E	
item	magic leggings		todo	1	bark 034D:00A2	
item	magic scroll		todo	1	bark 033B:0288	
item	magic shield		todo	1	bark 034A:00A0	
item	magical cube		todo	1	bark 015A:0105	
item	magical sphere		todo	1	bark 015A:00B4	
item	magical tetrahedron		todo	1	bark 015A:00E4	
item	male statue		todo	2	bark 0081:00C4	
item	Mandril		todo	4	bark 0338:009B	
item	Mask of Death		todo	3	bark 02EA:00E1	
item	Master's key		todo	1	bark 0052:0276	
item	Meteor Shower		todo	5	bark 0120:0C79	
item	mirror		todo	4	bark 013F:009A	
item	molten rock		todo	1	bark 006F:009F	
item	Mordea the Tempest		todo	1	bark 0237:00E7	
item	Mordea's bed		todo	1	bark 0237:00AF	
item	mushroom		todo	7	bark 0041:009D	
item	nightstand		todo	1	bark 0147:009E	
item	obelisk tip		todo	1	bark 01BA:00B2	
item	obsidian	黑曜石	proposed	1	bark 018E:010F	P11 POC
item	obsidian starstone		todo	1	bark 0254:01D2	
item	Odion		todo	4	bark 0081:009F	
item	office supplies		todo	1	bark 0253:019D	
item	On Sorcerous Ways		todo	2	bark 0120:020D	
item	Open Ground		todo	2	bark 02EA:0167	
item	oven		todo	1	bark 0118:0098	
item	painting		todo	5	bark 00EA:009C	
item	parchment		todo	1	bark 0253:0145	
item	peasant		todo	2	bark 02C3:010E	
item	pedestal		todo	1	bark 0275:009C	
item	perfume		todo	3	bark 0329:00AA	
item	pipe		todo	1	bark 0178:02BC	
item	plant bud		todo	1	bark 0178:028F	
item	plaque		todo	2	bark 0257:009A	
item	plate of food		todo	1	bark 011C:00B0	
item	pole		todo	1	bark 0311:0098	
item	pot		todo	1	bark 00B0:0097	
item	potion		todo	1	bark 02FE:009A	
item	potted plant		todo	1	bark 02F1:00A0	
item	Protector		todo	2	bark 0332:009D	
item	pumice		todo	1	bark 018E:00E1	
item	Pyros, Lord of Flame		todo	1	bark 006D:00A8	
item	quill pen		todo	1	bark 0253:00B6	
item	rain barrel		todo	1	bark 0299:009F	
item	Raising Your Children Correctly		todo	1	bark 0265:0FF1	
item	raw kith filet		todo	1	bark 021A:0167	
item	razor		todo	1	bark 033D:0197	
item	Read me		todo	8	bark 0120:0823	
item	Reagents of Thaumaturgy		todo	3	bark 0120:0D96	
item	recall item		todo	1	bark 0341:009F	
item	Restoration		todo	3	bark 0120:0AC1	
item	Restore to sight scroll		todo	2	bark 009F:0257	
item	Resurrection		todo	3	bark 0120:0BC7	
item	Reveal		todo	3	bark 0120:0A8D	
item	Rhian		todo	13	bark 0120:06A5	
item	rock		todo	2	bark 031C:0098	
item	Rock Flesh		todo	2	bark 02EA:010D	
item	rolling sphere		todo	1	bark 00D7:00A2	
item	rope		todo	1	bark 0215:0098	
item	sabre		todo	1	bark 021E:0099	
item	sack of flour		todo	1	bark 014D:00A1	
item	Saga of Bone Crusher		todo	2	bark 0120:0944	
item	scimitar		todo	1	bark 021D:009C	
item	Scimitar of Khumash-Gor		todo	1	bark 0335:00AB	
item	screamer		todo	1	bark 02F9:009B	
item	Scroll		todo	2	bark 009F:00AD	
item	scroll		todo	1	bark 009F:027A	
item	scroll of dispelling magic portals		todo	2	bark 009F:00F4	
item	scroll of healing		todo	2	bark 009F:01A6	
item	scroll of invisibility		todo	2	bark 009F:021B	
item	scroll of restoration		todo	2	bark 009F:01E0	
item	scroll of trap destruction		todo	2	bark 009F:0170	
item	scroll of trap detection		todo	2	bark 009F:0131	
item	seal		todo	1	bark 0253:0114	
item	seeker		todo	1	bark 01FD:009A	
item	shackle		todo	1	bark 0134:009B	
item	shelf		todo	4	bark 010C:0099	
item	shield		todo	1	bark 021B:009A	
item	silver mine key		todo	1	bark 0052:00E4	
item	silver ore		todo	1	bark 024A:009E	
item	silverware		todo	1	bark 00B8:009E	
item	skeleton		todo	5	bark 0077:009C	
item	skellot		todo	1	bark 0326:009B	
item	skull		todo	3	bark 014B:0099	
item	skull candle		todo	1	bark 025D:00A0	
item	Slayer		todo	16	bark 0330:009A	
item	sleeping woman		todo	1	bark 0237:015D	
item	snake skin		todo	1	bark 018F:012C	
item	soap		todo	2	bark 033D:01C4	
item	spider		todo	1	bark 0327:009A	
item	spiky sphere		todo	1	bark 0108:00A0	
item	spitter		todo	1	bark 031B:009B	
item	spout		todo	1	bark 00B3:0099	
item	stalactite		todo	1	bark 014A:009E	
item	stalagmite		todo	1	bark 0303:009E	
item	statue		todo	2	bark 0113:009A	
item	statue of Mordea		todo	1	bark 02BC:00A4	
item	statuette		todo	1	bark 032A:009D	
item	stepping stone		todo	2	bark 020F:00A2	
item	sticks		todo	1	bark 0256:009A	
item	stone amber		todo	1	bark 0254:0170	
item	stone chair		todo	1	bark 00DD:009F	
item	Stone throne		todo	1	bark 0121:00A0	
item	stove pipe		todo	1	bark 02D3:009E	
item	Stratos, the Air Titan		todo	1	bark 0181:00B1	
item	straw		todo	1	bark 02D0:0099	
item	stuffed torax		todo	1	bark 032B:0170	
item	Summon Creature		todo	3	bark 0120:0CB1	
item	Summon Daemon spellbook		todo	2	bark 0120:04E5	
item	Summon Dead		todo	1	bark 02EA:013A	
item	switch		todo	1	bark 01F9:009A	
item	sword		todo	1	bark 00F3:0099	
item	table		todo	7	bark 00E1:0099	
item	tableware		todo	1	bark 00B5:009D	
item	tankard		todo	1	bark 00B2:009B	
item	tapestry		todo	2	bark 0148:009C	
item	template book		todo	1	bark 0120:00AF	
item	Tenebraen Ale	Tenebrae 麥酒	proposed	2	bark 00B4:0169	P11 POC
item	The Art of Flame		todo	2	bark 0120:0246	
item	the Breath of Air		todo	1	bark 01BA:014F	
item	The Destruction of the Temple		todo	2	bark 0120:05AB	
item	The Eye		todo	2	bark 0120:0704	
item	The Final Sunlight		todo	2	bark 0120:0E1D	
item	the Grim Book		todo	2	bark 0120:0767	
item	the Heart of Earth		todo	1	bark 01BA:00E6	
item	The Mysteries of Lithos		todo	1	bark 0265:0FA9	
item	The Mythology of the Zealan Deities		todo	2	bark 0120:0DE2	
item	The Objective History of Pagan		todo	1	bark 0265:0F69	
item	The Skull of Quakes		todo	1	bark 032E:00A7	
item	the Tear of the Seas		todo	1	bark 01BA:011C	
item	The Tongue of Flame		todo	2	bark 0120:0282	
item	the Tongue of Flame		todo	1	bark 01BA:0184	
item	The Warrior and the Acolyte		todo	1	bark 0265:1169	
item	theurgist		todo	1	bark 010D:0112	
item	Toran		todo	19	bark 0061:009A	
item	torax		todo	1	bark 0078:0099	
item	Torax ribs		todo	1	bark 0219:0104	
item	torch		todo	1	bark 0238:009A	
item	torture chair		todo	1	bark 0136:00A1	
item	torture rack		todo	1	bark 0135:00A0	
item	Torwin's ring		todo	1	bark 0340:00A1	
item	towel		todo	3	bark 033D:010D	
item	toy kith		todo	1	bark 032B:013A	
item	tree		todo	4	bark 0039:0098	
item	troll		todo	1	bark 0053:0099	
item	trough		todo	2	bark 0111:009A	
item	trowel		todo	1	bark 0342:009A	
item	tuber		todo	1	bark 021A:0252	
item	unstable gem		todo	1	bark 0250:010E	
item	vase		todo	1	bark 00E5:0098	
item	Voices		todo	2	bark 0120:06D4	
item	volcanic ash		todo	1	bark 018E:00B5	
item	wall lamp		todo	3	bark 013A:009D	
item	wardrobe		todo	2	bark 0132:009C	
item	wash basin		todo	1	bark 033D:00AD	
item	water jug		todo	1	bark 033D:00DF	
item	Water Titan		todo	3	bark 0050:009F	
item	well		todo	1	bark 0298:0099	
item	WHAT THE FISH TELL ME		todo	1	bark 0265:00B8	
item	What the Fish Tell Me		todo	2	bark 0120:09BE	
item	winch		todo	2	bark 0116:0099	
item	Withstand Death		todo	1	bark 02EA:01C6	
item	wood	木頭	proposed	1	bark 0290:0098	P11 POC
item	wooden chair		todo	1	bark 00DE:00A1	
item	wooden throne		todo	1	bark 00DF:00A1	
item	wooden torax		todo	1	bark 032B:0109	
item	Wounded Torax		todo	1	bark 00D1:00BA	
item	Zealan ceremonial shield		todo	1	bark 033C:00AC	
spell	Aerial Servant focus		todo	1	bark 018C:02C1	
spell	Air Walk focus		todo	1	bark 018C:0367	
spell	bracer		todo	1	bark 018C:011B	
spell	bracer focus		todo	1	bark 018C:011B	
spell	chain		todo	1	bark 018C:01E8	
spell	chain focus		todo	1	bark 018C:01E8	
spell	closed eye		todo	1	bark 018C:0186	
spell	closed eye focus		todo	1	bark 018C:0186	
spell	Divination focus		todo	1	bark 018C:024E	
spell	Fade From Sight focus		todo	1	bark 018C:0333	
spell	fist		todo	1	bark 018C:0218	
spell	fist focus		todo	1	bark 018C:0218	
spell	Healing Touch focus		todo	1	bark 018C:0287	
spell	Hear Truth focus		todo	1	bark 018C:039D	
spell	Intervention focus		todo	1	bark 018C:03D5	
spell	open eye		todo	1	bark 018C:0409	
spell	open eye focus		todo	1	bark 018C:0409	
spell	open hand		todo	1	bark 018C:0150	
spell	open hand focus		todo	1	bark 018C:0150	
spell	pointing hand		todo	1	bark 018C:00E9	
spell	pointing hand focus		todo	1	bark 018C:00E9	
spell	Restoration focus		todo	1	bark 018C:02F8	
spell	Reveal focus		todo	1	bark 018C:043B	
spell	sextant		todo	1	bark 018C:00B0	
spell	sextant focus		todo	1	bark 018C:00B0	
spell	wings		todo	1	bark 018C:01B7	
spell	wings focus		todo	1	bark 018C:01B7	
title	Avatar	聖者	approved	23	ask 02C3	as in the Ultima VII Chinese translation
title	barkeep		todo	1	bark 040A:013D	
title	barmaid		todo	1	bark 0418:0162	
title	corpse		todo	1	bark 0403:01E1	
title	corpse of Aramina		todo	1	bark 040D:00B1	
title	daemon Sorcerer		todo	1	bark 0439:01D8	
title	dead daemon		todo	1	bark 0439:0204	
title	dead daemon Sorcerer		todo	1	bark 0439:01B4	
title	dead Korick		todo	1	bark 0409:00AD	
title	dead mage		todo	5	bark 041B:024F	
title	dead Master Sorcerer		todo	1	bark 041B:0201	
title	dead Seneschal		todo	1	bark 0403:0192	
title	dead Sorcerer		todo	5	bark 041C:03E4	
title	dead woman		todo	2	bark 0410:00E2	
title	executioner		todo	1	bark 0413:010E	
title	fisherman		todo	1	bark 0402:00CC	
title	girl		todo	1	bark 040D:015C	
title	guard		todo	1	bark 0408:00BE	
title	librarian		todo	1	bark 040C:0146	
title	Lurker		keep	42	bark 0344:0A8F	name for Hydros
title	mage		todo	6	bark 041B:0268	
title	man		todo	11	bark 0402:00EC	
title	monk		todo	4	bark 0416:0139	
title	Mountain King	山之王	approved	69	bark 00E8:0400	Lithos
title	servant		todo	1	bark 040D:013B	
title	servant Aramina		todo	1	bark 040D:00E6	
title	Tempest		keep	100	bark 0237:0135	title / school of magic
title	the deceased Bane		todo	1	bark 041D:0373	
title	the deceased Gorgrond		todo	1	bark 041F:0336	
title	the deceased Vardion		todo	1	bark 041C:038A	
title	the late Cyrrus		todo	1	bark 0416:00B1	
title	Titan	泰坦	approved	33	bark 0181:00CF	
title	weaver		todo	1	bark 0412:0133	
title	woman		todo	5	bark 0407:0128	
faction	Necromancer	死靈法師	approved	75	bark 026F:009F	
faction	Necromancers	死靈法師	approved	59	bark 026F:0558	
other	Acolyte		todo	45	bark 0265:1169	
other	Acolyte of Stratos		todo	3	book 0593:C6C3	
other	Acolytes		todo	15	bark 006D:0974	
other	Adept		todo	10	bark 0181:09EF	
other	Air		todo	14	ask 0181	
other	Air Titan		todo	4	bark 0181:00B1	
other	Ale		todo	3	bark 00B4:0169	
other	Ancient Necromancers		todo	3	bark 0415:8617	
other	Ancient Ones		todo	5	bark 0409:3889	
other	Aphelion		todo	18	bark 058A:3107	
other	Argent Rock		todo	4	bark 0416:3385	
other	Argentrock		todo	8	bark 010D:05CA	
other	Argentrock Isle		todo	10	bark 0408:23B7	
other	Ariel		todo	3	book 025F:046D	
other	Armor of Flames		todo	3	bark 058A:396F	
other	Art of Flame		todo	3	bark 0120:0246	
other	As		todo	4	book 0572:1CFE	
other	Ash		todo	13	bark 0421:0B35	
other	Ate		todo	3	book 0592:4668	
other	Bane's Truename		todo	4	bark 056F:1811	
other	Bat Wing		todo	4	bark 0421:0BCB	
other	Blackmoor		todo	7	bark 026F:160F	
other	Blackrock		todo	10	ask 0402	
other	Blast		todo	4	bark 0120:0C43	
other	Blood	血	proposed	4	bark 026F:0FA2	P11 POC
other	Bloody Bobby		todo	3	bark 040A:A8A4	
other	Blowhard		todo	4	ask 0405	
other	Bolt		todo	4	bark 0120:036D	
other	Bone	碎骨	proposed	5	bark 026F:0FA2	P11 POC
other	Both Perivolcanae		todo	6	book 0593:3E72	
other	Breath		todo	3	bark 040A:0DE3	
other	Breath of Wind		todo	20	bark 0181:0491	
other	Brimstone		todo	8	bark 0421:0B35	
other	Britannia	Britannia	proposed	4	bark 0401:3F04	P12 POC: kept English for now (check the old Chinese manual)
other	Brother Xavier		todo	7	ask 0417	
other	Burning Path		todo	4	bark 0439:0903	
other	Cabal		todo	13	ask 041D	
other	Call		todo	3	bark 041D:3D41	
other	Calling		todo	5	bark 041C:4D99	
other	Candles		todo	12	book 0593:3B35	
other	Captain of the Guard		todo	3	bark 0405:1AE4	
other	Carthax Lake		todo	3	bark 0596:082E	
other	Caster		todo	5	ask 0401	
other	Casting		todo	7	scroll 0579:08B5	
other	Catacombs		todo	6	ask 0341	
other	Celidia		todo	5	book 025F:046D	
other	Ceremony of Eternity		todo	5	bark 0415:045E	
other	City of the Dead		todo	7	bark 0415:6B35	
other	Corodin		todo	4	bark 041D:2297	
other	Creature		todo	3	bark 0120:0CB1	
other	Daemion		todo	13	bark 041C:4A14	
other	Daemon		todo	18	bark 0120:04E5	
other	Daemon Bone		todo	4	bark 0581:19E0	
other	Daemon's Crag		todo	7	bark 041D:0B47	
other	Daemons		todo	3	ask 041C	
other	Day Twenty		todo	3	book 0572:10D5	
other	DayTide		todo	4	book 0592:442C	
other	Death		todo	14	book 017A:0C32	
other	Destroyer		todo	24	bark 0420:487B	
other	Destruction		todo	3	bark 0120:0CEA	
other	Destruction of the Temple		todo	3	bark 0120:05AB	
other	Dibeyer		todo	4	book 017A:0C32	
other	Dirt	泥土	proposed	4	bark 026F:0CD7	P11 POC
other	Disciple		todo	36	bark 041B:04DD	
other	Disciples		todo	5	bark 041C:1353	
other	Door		todo	3	bark 0044:00FE	
other	Dragon Blood		todo	3	bark 0421:0BCB	
other	Dungbreath		todo	7	bark 041F:0B4B	
other	Earth		todo	16	bark 00E8:0344	
other	East Road		todo	3	bark 0421:42C2	
other	Elder Tongue		todo	4	ask 041D	
other	Element		todo	3	bark 041D:2A23	
other	Elements		todo	8	bark 041D:1CE8	
other	Elsmil		todo	5	book 0577:0893	
other	Enchanted		todo	6	scroll 0579:05B9	
other	Enclave		todo	15	bark 041C:154C	
other	Endure Heat		todo	4	bark 058A:248F	
other	Enlightenment		todo	6	bark 0416:256D	
other	Ether		todo	3	bark 0421:14E1	
other	Executioner's Hood		todo	7	bark 026F:0813	
other	Explosion	爆炸	proposed	5	bark 041B:0699	P11 POC
other	Extinguish		todo	5	bark 058A:383C	
other	Eye		todo	10	bark 0120:0704	
other	Final Sunlight		todo	3	bark 0120:0E1D	
other	Fire		todo	55	bark 006D:1056	
other	Fire Shield		todo	3	bark 058A:396F	
other	First Acolyte		todo	20	bark 006D:43DB	
other	Flam		todo	5	ask 0581	
other	Flam Corp Xen		todo	3	ask 0581	
other	Flame Bolt		todo	6	bark 041B:0699	
other	Flames		todo	5	bark 0120:042B	
other	Flash		todo	4	bark 058A:248F	
other	Foci		todo	12	ask 0416	
other	Focus		todo	30	bark 00CE:00A2	
other	Furthermore		todo	3	bark 0421:4794	
other	Galious		todo	4	bark 026F:1975	
other	Golem		todo	3	bark 026F:1DCB	
other	Gor		todo	9	bark 0335:00AB	
other	Great Air Titan		todo	3	bark 0417:2752	
other	Great Temple		todo	4	bark 0421:921A	
other	Grommet		todo	3	book 0572:2949	
other	Guard		todo	3	bark 0405:1B7B	
other	Guardian	Guardian	proposed	20	ask 0420	P12 POC: kept English for now (check the old Chinese manual)
other	Guilty		todo	11	book 017A:0C32	
other	Hall		todo	4	bark 026F:1FEC	
other	Hall of Eternity		todo	4	bark 0415:68B5	
other	Hall of the Mountain King		todo	4	bark 026F:1EB0	
other	Heart of Earth		todo	8	bark 01BA:00E6	
other	Heat		todo	4	bark 0120:03AB	
other	Hell		todo	3	bark 0120:07A5	
other	Helped		todo	3	book 0592:455C	
other	Hero		todo	3	bark 0120:07F2	
other	History of Necromancy Vol		todo	4	bark 0120:018A	
other	Honorable Stellos		todo	5	bark 0181:0CFE	
other	Hoof		todo	4	bark 00B4:013A	
other	However		todo	4	book 0577:0893	
other	Ignite	點燃	proposed	6	bark 006D:324F	P11 POC
other	Initiate		todo	6	bark 0417:3B3B	
other	Iron		todo	8	ask 0421	
other	Jelly		todo	4	book 0592:293B	
other	Jely		todo	3	book 0593:0611	
other	John Blowhard		todo	17	bark 0405:5F97	
other	Kalen		todo	16	bark 0402:4F1A	
other	Keldan		todo	9	book 025F:046D	
other	Khumash		todo	8	bark 0335:00AB	
other	Kith		todo	8	bark 040E:1345	
other	Knarl		todo	5	book 0592:30FD	
other	Kram		todo	3	book 0592:06F0	
other	Ladyship		todo	13	bark 0403:0EA2	
other	Ladyship Mordea		todo	5	bark 042E:0651	
other	Lleu		todo	3	bark 040F:195B	
other	Lost		todo	3	bark 0120:0614	
other	Maedron		todo	3	bark 041D:2297	
other	Master		todo	46	ask 006D	
other	Master Malchir		todo	9	bark 041D:454B	
other	Mesostel Pa		todo	10	book 0593:4179	
other	Mesostel Ze		todo	10	bark 058A:3309	
other	Mesostelae		todo	3	bark 058A:3222	
other	Monkey's Fist		todo	3	bark 040A:8614	
other	Morduin		todo	4	bark 041C:4ADF	
other	Morgaelin		todo	9	ask 041D	
other	Moriens		todo	57	bark 0415:1B8D	
other	Mouth of the Daemon		todo	3	bark 0439:1F9B	
other	Mystic Voice		todo	11	ask 0416	
other	Mythology of the Zealan Deities		todo	3	bark 0120:0DE2	
other	Necromancy		todo	8	bark 026F:027C	
other	Necromantic		todo	6	bark 026F:117D	
other	Nobbit		todo	4	book 0592:06F0	
other	Nothing		todo	7	book 0592:442C	
other	Npc		todo	4	bark 0401:09B1	
other	Obsidian		todo	11	bark 0409:08D4	
other	Obsidian Fortress		todo	7	bark 041B:04DD	
other	Order		todo	3	bark 0417:26B8	
other	Order of Enlightenment		todo	5	bark 0402:2CB9	
other	Ort Flam		todo	3	ask 0581	
other	Pagan	Pagan	proposed	57	bark 0265:0D10	P12 POC: kept English for now (check the old Chinese manual)
other	Pagans		todo	30	bark 041F:32E4	
other	Perivolcan Pa		todo	4	book 0593:4492	
other	Perivolcan Ze		todo	4	book 0593:4179	
other	Perivolcanae		todo	9	bark 058A:33E6	
other	Pig Iron		todo	3	bark 0421:0B35	
other	Pit of Death		todo	13	bark 040A:7DE1	
other	Plateau		todo	9	bark 040C:24BF	
other	Prophet		todo	3	bark 0120:07F2	
other	Pumice		todo	11	bark 0421:0B35	
other	Punishment		todo	12	book 017A:0C32	
other	Pyros		todo	33	bark 006D:04D0	
other	Ritual of Fire		todo	4	bark 058A:12CB	
other	Salem		todo	7	book 0572:10D5	
other	Sanct An Por		todo	6	bark 006D:3B7D	
other	Scion		todo	10	bark 00E8:00ED	
other	Sea		todo	4	bark 040A:5DC9	
other	Serpent Scale		todo	5	bark 0421:0BCB	
other	Servant		todo	4	bark 0120:0A5E	
other	ShadowLander		todo	3	book 0592:06F0	
other	Shattered Skull		todo	3	bark 0408:0CCE	
other	Shield		todo	4	bark 0120:03E9	
other	Shower		todo	4	bark 0120:0C79	
other	Sight		todo	4	bark 0120:0AF9	
other	Skull of Quakes		todo	3	bark 032E:00A7	
other	Sorcerer's Enclave		todo	12	bark 041C:0A01	
other	Sorcerers		todo	42	bark 0402:4F1A	
other	Sorcerous		todo	5	bark 041D:18F2	
other	Sorcerous Ways		todo	3	bark 0120:020D	
other	Sorcery		todo	28	bark 006D:4613	
other	Spirit		todo	4	bark 040A:0DE3	
other	Stone Cove		todo	6	bark 026F:2207	
other	Stratos		todo	90	bark 010D:01BA	
other	Strem		todo	3	bark 040A:A111	
other	Suddenly		todo	3	book 0577:246E	
other	Tear of the Seas		todo	4	bark 01BA:011C	
other	Tempestry		todo	14	ask 0050	
other	Tempests		todo	5	bark 040A:4D6D	
other	Temple		todo	10	bark 048B:10ED	
other	Tenebraens		todo	5	bark 0408:27C8	
other	Tenebrea		todo	3	book 017A:0C32	
other	Test of Centeredness		todo	18	ask 0416	
other	Test of Wisdom		todo	11	ask 0416	
other	Thaumaturgy		todo	12	bark 0120:0D96	
other	Theurgist		todo	26	bark 040E:1F92	
other	Theurgists		todo	27	bark 0408:0A36	
other	Theurgy		todo	3	bark 0421:564D	
other	Third Test		todo	8	ask 0416	
other	Titan of Air		todo	4	bark 0181:0774	
other	Titan of Earth		todo	3	bark 041C:3E95	
other	Titan of Fire		todo	5	bark 006D:43DB	
other	Titanic		todo	6	bark 0415:3E95	
other	Titans		todo	91	bark 0402:2E2E	
other	Tomb		todo	4	ask 0415	
other	Tongue		todo	5	book 0593:39B9	
other	Tongue of Flame		todo	8	bark 006D:1056	
other	Torax		todo	6	bark 00D1:00BA	
other	Touch		todo	4	bark 0120:0A27	
other	Travel		todo	3	bark 0120:0D56	
other	Trecian		todo	4	bark 040A:A111	
other	Trials		todo	4	bark 0439:18CD	
other	Trials of the Obsidian Fortress		todo	4	bark 041F:2239	
other	Troll		todo	5	book 0572:07C7	
other	Trolls		todo	4	book 0572:07C7	
other	Truename		todo	22	bark 041C:4A14	
other	Truth		todo	4	bark 0120:0B5D	
other	Upper Catacombs		todo	6	bark 0415:80F4	
other	Using		todo	3	scroll 0579:05B9	
other	Valley		todo	3	ask 0409	
other	Varkus		todo	5	scroll 0579:05B9	
other	Ventac		todo	3	bark 040C:0951	
other	Vermin		todo	3	scroll 0579:103E	
other	Vol		todo	3	bark 0265:108D	
other	Walk		todo	4	bark 0120:0B2A	
other	Water		todo	8	bark 041C:23E9	
other	Windy Point		todo	5	bark 0416:2D33	
other	Wood	木頭	proposed	5	bark 026F:0813	P11 POC
other	Yevaud		todo	5	book 0593:CEA1	
other	Zealan		todo	11	bark 040F:1D11	
other	Zealans		todo	44	bark 0402:4F1A	
